account_id,company,tier,region,arr,contract_start,contract_end,account_manager
1,"Jones, Snyder and Bass",Business,APAC,15860,2024-04-07,2025-04-07,Christopher Green
2,Frost Inc,Business,Europe,20191,2024-07-31,2025-07-31,Shelby Miller
3,"Herrera, Adkins and Andersen",Starter,North America,3638,2024-06-03,2025-06-03,Wesley Reyes
4,Berry-Lee,Business,APAC,28526,2025-02-06,2026-02-06,Kevin Jimenez DVM
5,Martin Inc,Business,Europe,29423,2024-06-06,2025-06-06,Michael Cruz
6,Kerr-Jones,Enterprise,APAC,56023,2024-07-01,2025-07-01,Brandon Mitchell Jr.
7,Strickland-Mullins,Growth,North America,6769,2024-05-24,2025-05-24,Melissa Garcia
8,"Archer, Daniels and Norton",Growth,Europe,8433,2024-08-22,2025-08-22,James Hobbs
9,Wilson-Flores,Starter,North America,2459,2024-05-29,2025-05-29,Lindsay Rhodes
10,Howell PLC,Growth,Europe,10843,2024-07-08,2025-07-08,Christopher Miller
11,"Woods, Mitchell and Johnson",Starter,APAC,2474,2024-08-29,2025-08-29,Laura Chambers
12,"Long, Simmons and Miller",Business,APAC,22849,2024-08-12,2025-08-12,Brian Lee
13,Stout-Baker,Growth,North America,8734,2024-09-14,2025-09-14,Jonathan Chavez
14,"Gonzalez, Henderson and Vega",Business,APAC,16899,2024-06-25,2025-06-25,Alexandra Jackson
15,Ramsey Inc,Enterprise,Europe,71551,2024-06-07,2025-06-07,Hayley Jackson
16,Bridges Group,Business,APAC,18556,2024-05-10,2025-05-10,Joseph Rodriguez
17,Graham Inc,Business,Europe,29356,2024-11-08,2025-11-08,Sherry Cobb
18,Bauer Group,Business,Europe,20393,2024-06-26,2025-06-26,Jeffery Edwards
19,Thompson Ltd,Enterprise,North America,83021,2025-02-11,2026-02-11,Kathy Phillips
20,Escobar-Mendoza,Growth,North America,8824,2024-07-21,2025-07-21,Howard Franco
21,"Hawkins, Foley and Estrada",Starter,APAC,4945,2024-10-29,2025-10-29,Stephanie Hampton
22,Taylor-Riddle,Enterprise,Europe,88555,2024-12-27,2025-12-27,Kevin Thompson
23,Phillips-Lewis,Enterprise,APAC,84974,2024-05-16,2025-05-16,Joshua Brown
24,"Taylor, Mathis and Farrell",Growth,North America,9152,2024-12-14,2025-12-14,Shannon Trujillo
25,Lewis-Gonzalez,Enterprise,North America,63939,2025-03-12,2026-03-12,Nathaniel Carr
26,Moore-Miller,Growth,North America,9461,2024-07-20,2025-07-20,Denise Allen
27,Cameron-Russell,Growth,North America,9843,2024-05-29,2025-05-29,Charlotte Dominguez
28,Jennings-Bolton,Starter,North America,2702,2024-06-21,2025-06-21,Edward Lynn
29,"Campbell, Wilson and Dean",Growth,North America,11675,2024-09-27,2025-09-27,Michele Barry
30,Perez-Bell,Growth,North America,7981,2024-07-26,2025-07-26,Renee Duncan
31,Cochran Inc,Business,APAC,28103,2025-04-03,2026-04-03,Stephanie Chandler
32,"Sanchez, Kelly and Davenport",Enterprise,APAC,80397,2024-10-20,2025-10-20,Scott Hoffman
33,Moore-Lewis,Enterprise,North America,41016,2024-06-27,2025-06-27,
34,Hogan Ltd,Enterprise,Europe,64276,2024-12-12,2025-12-12,Christopher Washington
35,Casey-Ruiz,Growth,Europe,6878,2024-08-01,2025-08-01,Amanda Allen
36,Scott-Montes,Enterprise,Europe,52185,2024-12-29,2025-12-29,Amber Roy
37,Walker PLC,Enterprise,Europe,79099,2024-10-13,2025-10-13,Alexis Watson
38,"Davenport, Lawrence and Carpenter",Starter,APAC,3180,2024-08-28,2025-08-28,Kelly Dunn
39,"Anderson, May and Farmer",Starter,Europe,2064,2024-11-03,2025-11-03,Christopher Hodges
40,"White, Barron and Mccarthy",Business,Europe,17568,2024-05-08,2025-05-08,Sara Pacheco
41,Cook-Sloan,Enterprise,APAC,42695,2024-12-08,2025-12-08,Ronnie Gardner
42,Washington-Jennings,Business,Europe,20618,2024-12-01,2025-12-01,Amanda King
43,"Young, White and Allison",enterprise ,APAC,53986,2024-08-07,2025-08-07,Andrew Ayers
44,"Haas, Lewis and Deleon",Starter,Europe,2378,2024-07-19,2025-07-19,Mitchell Sanders
45,"Barajas, Bradley and Bowers",Growth,North America,8278,2024-06-09,2025-06-09,Brian Williams
46,"Ortega, Bennett and Gould",Starter,Europe,4182,2024-12-26,2025-12-26,David Woodward
47,Stewart Ltd,Enterprise,North America,53067,2024-09-18,2025-09-18,Michael Sanchez
48,"Manning, Murray and Brown",Starter,APAC,2502,2024-08-23,2025-08-23,Jennifer Smith
49,Bates Ltd,Growth,Europe,11847,2025-01-11,2026-01-11,Jennifer Baker
50,Randolph-Yu,Business,North America,17731,2025-03-14,2026-03-14,Cody Rodriguez
51,Jenkins LLC,Business,Europe,24762,2024-04-15,2025-04-15,Angie Montoya
52,Lynn Inc,Business,APAC,29948,2024-11-03,2025-11-03,Anthony Green
53,King Ltd,Growth,Europe,8690,2025-02-19,2026-02-19,Jason Sellers
54,"Bradshaw, Campbell and Payne",Starter,APAC,2502,2024-07-27,2025-07-27,Amanda Sosa
55,Hall-Hart,Growth,APAC,6870,2024-07-28,2025-07-28,Michael Robinson
56,"Nguyen, Guerrero and Brown",Starter,APAC,2206,2024-10-09,2025-10-09,Katelyn Hall
57,"Watson, Evans and Moran",Growth,APAC,7484,2024-05-02,2025-05-02,Gabrielle Martin
58,"Mendoza, Allen and Hall",Business,APAC,15863,2024-10-18,2025-10-18,Kevin Brown
59,"Oconnor, Young and Williams",Starter,Europe,2563,2024-05-04,2025-05-04,Christopher Cain
60,"Sherman, Rose and Calderon",Enterprise,North America,62403,2024-07-07,2025-07-07,Christian Rodriguez
61,Kelly Ltd,Starter,Europe,4278,2024-05-11,2025-05-11,Lawrence Torres
62,Buchanan PLC,Business,Europe,18242,2025-03-13,2026-03-13,Cynthia Conner
63,Graves Ltd,Enterprise,APAC,56198,2024-10-14,2025-10-14,Melissa Sherman
64,"Brown, Thomas and Snow",Business,North America,18157,2024-06-01,2025-06-01,Sarah Bennett
65,Jacobs-King,Growth,Europe,7597,2024-06-06,2025-06-06,Ryan Richardson
66,Beck Ltd,Starter,North America,4693,2024-12-26,2025-12-26,Jeremiah Stevens
67,Sharp Ltd,Growth,North America,11450,2024-07-18,2025-07-18,Luis Phelps
68,Christian LLC,Business,APAC,20592,2024-11-01,2025-11-01,Jackson Davis
69,"Miller, Russell and Davis",Growth,Europe,11504,2025-02-07,2026-02-07,Mark Conrad
70,Brown-Martinez,Business,Europe,27221,2024-07-18,2025-07-18,Kevin Rosario
71,Martin-Taylor,Enterprise,APAC,49474,2025-03-12,2026-03-12,
72,Hayes-Osborn,Growth,APAC,11575,2025-02-14,2026-02-14,Stephen Harris
73,Jones-Manning,Starter,Europe,2317,2024-05-30,2025-05-30,Mckenzie Taylor
74,Moore-Sexton,Starter,APAC,3257,2024-06-02,2025-06-02,
75,Singh-Barrett,Business,Europe,26637,2024-06-30,2025-06-30,Keith Ellis
76,Oconnor Ltd,Enterprise,North America,86576,2024-12-29,2025-12-29,Lori Wright DVM
77,Harris Ltd,Enterprise,North America,57675,2024-07-22,2025-07-22,Lisa Cook
78,Reed-Watson,Business,APAC,26649,2024-05-15,2025-05-15,Tina Vasquez
79,Ortega Ltd,Starter,Europe,3636,2024-10-31,2025-10-31,Kevin Tate DVM
80,Ray-Wagner,Enterprise,APAC,67728,2025-03-19,2026-03-19,Martha Cline
81,Fox and Sons,Starter,North America,2001,2024-12-04,2025-12-04,Adriana Mcdaniel
82,"Carroll, Griffith and Salazar",Enterprise,APAC,86645,2024-08-08,2025-08-08,Jade Molina
83,"Owens, Wolf and Hernandez",Starter,Europe,3759,2024-12-11,2025-12-11,Travis Gross
84,"Martin, Lane and Gomez",Starter,North America,3661,2024-08-12,2025-08-12,Julia Flynn
85,"Thomas, York and Baker",Starter,North America,3707,2024-10-21,2025-10-21,Lisa Young
86,Thomas-Rivera,Enterprise,APAC,66309,2025-02-23,2026-02-23,Stacy Henderson
87,"Joyce, Hernandez and Rowe",Enterprise,APAC,72970,2025-03-24,2026-03-24,Jesus Williams
88,Becker-Nelson,Starter,North America,2766,2025-01-15,2026-01-15,Jessica Little
89,Fox-Barnes,Enterprise,North America,80772,2024-05-27,2025-05-27,Mark Shelton
90,Taylor Ltd,Growth,APAC,7930,2024-10-17,2025-10-17,Sarah Wolf
91,"Gibson, Smith and Thompson",Enterprise,Europe,62671,2024-09-02,2025-09-02,Dennis Anthony
92,"Lopez, Ward and Singleton",Starter,APAC,3147,2024-08-09,2025-08-09,Adrian Gardner
93,Brown Ltd,Growth,Europe,8511,2024-07-19,2025-07-19,Sarah Blair
94,"Clark, Hendricks and Gregory",Business,APAC,15659,2024-07-22,2025-07-22,Hannah Bell
95,Baxter LLC,Enterprise,North America,46546,2024-12-22,2025-12-22,Gary Lopez
96,Young Ltd,Business,APAC,28822,2024-05-12,2025-05-12,Taylor Richardson
97,"Wolfe, Long and Walter",Enterprise,APAC,42911,2024-09-12,2025-09-12,Anita Stein
98,Gutierrez-Allison,Enterprise,Europe,48680,2025-02-12,2026-02-12,Debbie Barrett
99,Howard-Ruiz,Enterprise,APAC,45759,2024-05-30,2025-05-30,Jeremiah Taylor
100,"Sanchez, Stephens and Harrison",Growth,Europe,8919,2025-01-25,2026-01-25,
101,Thompson and Sons,ENTERPRISE,Europe,23155,2024-04-09,2025-04-09,Eric Briggs
102,Hardy-Romero,Starter,APAC,3969,2024-11-18,2025-11-18,Joshua Ramirez
103,"Schroeder, Davis and Copeland",Business,North America,19061,2025-02-04,2026-02-04,William Shelton
104,"Cunningham, Smith and Baker",Business,North America,15262,2024-09-05,2025-09-05,Gabriel Dennis
105,Benson-Nunez,Enterprise,Europe,81976,2024-11-27,2025-11-27,Derrick Murphy
106,Bullock-Koch,Growth,North America,11423,2024-06-24,2025-06-24,Wendy Cooper
107,Frazier-Melendez,Enterprise,Europe,60932,2025-03-07,2026-03-07,Dustin Aguilar
108,Harrell-Bailey,Enterprise,Europe,47158,2025-04-03,2026-04-03,Leslie Green
109,Weber-Garcia,Starter,APAC,3682,2025-03-17,2026-03-17,Lori Rodriguez
110,Hart and Sons,Enterprise,North America,46295,2024-12-13,2025-12-13,Ryan Carr
111,Garcia LLC,Enterprise,APAC,52183,2024-05-11,2025-05-11,Courtney Santiago
112,"Stein, Freeman and Peters",Starter,North America,3443,2024-05-01,2025-05-01,Katherine Anderson
113,"Perez, Thomas and Reed",Enterprise,North America,88354,2024-09-16,2025-09-16,Jason White
114,Johnson-Ward,Starter,Europe,2098,2024-09-24,2025-09-24,Jessica Chen
115,"Richard, Hinton and Silva",Starter,North America,4961,2024-07-19,2025-07-19,Andrea Weiss
116,"Stewart, Garcia and Smith",Growth,North America,9777,2025-04-02,2026-04-02,Catherine Sims
117,"Richardson, Scott and Wells",Business,Europe,26983,2024-04-09,2025-04-09,Debbie Morris
118,Rowland-Riley,Starter,Europe,2160,2024-12-30,2025-12-30,Charles Cobb
119,"Brown, Lara and Mcclain",Growth,APAC,7300,2025-02-04,2026-02-04,David Thompson
120,Burton LLC,Business,Europe,19496,2024-12-16,2025-12-16,Randall Stephens
121,Simpson-Taylor,Enterprise,APAC,44555,2024-04-29,2025-04-29,Susan Coleman
122,Roberson Inc,Business,APAC,27757,2024-11-21,2025-11-21,Jodi Alvarez
123,Moreno-Jones,Growth,North America,7693,2024-12-29,2025-12-29,Laura Fernandez
124,Watkins-Valdez,Growth,APAC,9436,2025-03-12,2026-03-12,Michael Ashley
125,Davis-Gardner,Growth,APAC,11895,2024-07-19,2025-07-19,Victor Mullins
126,"Miller, Richardson and Moore",Business,Europe,15225,2025-01-30,2026-01-30,Stephanie Mccormick
127,"Hernandez, Trevino and Wright",Growth,Europe,6959,2024-12-18,2025-12-18,Brian Chambers
128,"Jackson, Robinson and Diaz",Starter,APAC,2815,2024-07-14,2025-07-14,Peter Brown
129,Bright-Bender,Enterprise,Europe,77410,2024-11-26,2025-11-26,Maria Bird
130,Ford-Martinez,Enterprise,North America,48208,2024-11-23,2025-11-23,Lori Riley
131,Holt-Schroeder,Starter,Europe,3069,2024-10-29,2025-10-29,Alexis Williams
132,Herman-Walker,Growth,Europe,11864,2025-01-25,2026-01-25,Mitchell May
133,"Porter, Phillips and Horton",Enterprise,Europe,43420,2025-03-29,2026-03-29,Thomas Hernandez
134,"Mccoy, Conner and Peterson",Growth,APAC,10276,2024-10-17,2025-10-17,Justin Dillon
135,Tate-Todd,Business,Europe,15699,2024-09-18,2025-09-18,Kiara Cortez MD
136,Paul LLC,Enterprise,Europe,40190,2024-11-02,2025-11-02,Christopher Oconnell
137,"Branch, Sanders and Hamilton",Starter,APAC,4975,2024-07-06,2025-07-06,Juan Dean
138,Haas Ltd,Starter,North America,2127,2024-10-27,2025-10-27,Patrick Padilla
139,Smith Group,Starter,North America,3758,2024-06-18,2025-06-18,Laurie Schaefer
140,"Jordan, Howell and Delgado",Growth,North America,11442,2024-12-10,2025-12-10,Donna Schultz
141,Thompson Group,Enterprise,APAC,85681,2024-05-28,2025-05-28,Edward Wilkinson
142,Park-Wright,Growth,North America,7686,2024-06-23,2025-06-23,Kyle Davidson
143,Brown-Murphy,Business,North America,15154,2024-09-23,2025-09-23,Jason Caldwell
144,"Welch, Allen and Peters",Growth,Europe,10057,2024-05-27,2025-05-27,Angela Davis
145,"Santos, Howe and Preston",Enterprise,Europe,80864,2024-11-17,2025-11-17,Gregory Mcmillan
146,"Davenport, Gonzalez and Bernard",Business,APAC,27533,2024-08-09,2025-08-09,Jacob King
147,Rodriguez PLC,Starter,APAC,3705,2024-06-23,2025-06-23,
148,Thomas LLC,Growth,North America,11986,2024-05-21,2025-05-21,Tony Brown
149,"Evans, Ross and Nelson",Starter,Europe,4455,2024-08-25,2025-08-25,Julie Villarreal
150,Powell LLC,Enterprise,APAC,62009,2024-10-10,2025-10-10,Stephanie Contreras
151,"Stout, Barry and Cox",Starter,Europe,2035,2024-12-30,2025-12-30,Angela Williams
152,Gates-Evans,Enterprise,North America,42368,2024-07-13,2025-07-13,Heather Olson
153,Simpson Ltd,Enterprise,APAC,50893,2025-02-11,2026-02-11,Dominique Rivera
154,Bowman Ltd,Business,North America,24358,2024-04-11,2025-04-11,Danielle Butler
155,Martin LLC,Growth,APAC,11919,2024-06-15,2025-06-15,Kevin Freeman
156,Douglas and Sons,Business,APAC,15853,2025-02-10,2026-02-10,Randy Munoz
157,"King, York and Hall",Starter,North America,2574,2025-02-01,2026-02-01,Sheila Irwin
158,Mercado-Cannon,Starter,North America,4197,2024-10-18,2025-10-18,Mary Gibson
159,"Douglas, Mcpherson and Nelson",Growth,North America,7715,2024-08-11,2025-08-11,Jordan Horton
160,Smith-Summers,Growth,North America,9854,2024-07-22,2025-07-22,Michelle Pacheco
161,Miller and Sons,Business,Europe,17491,2024-06-04,2025-06-04,Tara Ortiz
162,Wilson LLC,Starter,Europe,4311,2024-08-19,2025-08-19,Tanya Berg
163,Fields Inc,Enterprise,Europe,43051,2024-12-11,2025-12-11,Margaret Decker
164,Williams PLC,Business,North America,20315,2024-11-12,2025-11-12,Andrew Rose
165,"Flynn, Davis and Peterson",Starter,North America,2991,2024-05-20,2025-05-20,Danielle Perkins
166,"Anderson, Gonzalez and Acevedo",Business,Europe,21966,2024-07-19,2025-07-19,Kristen Calderon
167,Fleming Group,ENTERPRISE,North America,6635,2024-10-19,2025-10-19,Christopher Lewis
168,Eaton Group,Growth,Europe,7682,2024-04-15,2025-04-15,Crystal Hughes
169,Donaldson-Thomas,Enterprise,APAC,57214,2025-01-01,2026-01-01,Brian Hicks
170,Buchanan-Kelly,ENTERPRISE,APAC,77945,2025-01-08,2026-01-08,Timothy Crawford
171,Perkins-Walsh,Growth,North America,6740,2024-12-25,2025-12-25,
172,"Johnson, Williams and James",Starter,APAC,3853,2024-09-07,2025-09-07,Robert Krause
173,Reed-Marquez,Business,Europe,22560,2024-07-22,2025-07-22,Kenneth Hanson
174,Clark Ltd,Starter,North America,3081,2025-01-29,2026-01-29,Kevin Hahn
175,Herman Inc,enterprise ,North America,4849,2024-06-18,2025-06-18,Tracy Daniel
176,Parker-Khan,Growth,Europe,6559,2024-09-18,2025-09-18,Kevin Wilson
177,Horton Ltd,Enterprise,Europe,89012,2025-01-25,2026-01-25,Steve Horton MD
178,Cowan LLC,Enterprise,APAC,53500,2024-08-21,2025-08-21,Patricia Schultz
179,Weeks-Lewis,Enterprise,Europe,49662,2024-06-16,2025-06-16,Patrick Moore
180,Turner-Williamson,Growth,APAC,8294,2024-07-06,2025-07-06,Elizabeth Greene
181,Reyes-Stewart,Enterprise,APAC,41679,2024-07-21,2025-07-21,Scott Murphy
182,Clark and Sons,Starter,Europe,4744,2024-11-20,2025-11-20,Brandon May
183,Nguyen and Sons,Growth,Europe,7243,2024-04-18,2025-04-18,Jacob Perry
184,"Shelton, Young and Jones",Business,North America,28296,2024-09-14,2025-09-14,Morgan Payne
185,Peters Inc,Growth,Europe,11053,2025-03-08,2026-03-08,Brittany Chen
186,"Wright, Johnson and Ferguson",Enterprise,North America,83919,2024-11-25,2025-11-25,Bradley Lewis
187,"Luna, Harper and Carter",Growth,Europe,8479,2024-09-27,2025-09-27,Tammy Hunt
188,Young-Perez,Business,Europe,24827,2025-01-13,2026-01-13,Rebecca Sullivan
189,Reyes LLC,Growth,Europe,7757,2025-01-13,2026-01-13,Joanna Huffman
190,Patterson-Henderson,Business,North America,20881,2024-09-29,2025-09-29,Jennifer Stewart
191,Bradley-Yates,Growth,APAC,8849,2024-07-08,2025-07-08,David Wise
192,Anthony and Sons,Growth,North America,9730,2024-09-24,2025-09-24,Ms. Jillian Rodriguez
193,Johnson-Carter,Enterprise,Europe,81975,2024-05-01,2025-05-01,Christopher Fitzgerald
194,Pruitt Group,Starter,APAC,2515,2024-08-03,2025-08-03,Jonathan Doyle
195,Williams-Martinez,Growth,APAC,10592,2024-11-22,2025-11-22,Tracy Martinez
196,"Watts, Ward and Chen",Enterprise,North America,58071,2025-01-06,2026-01-06,Douglas Perez
197,"Johnson, Parker and Lee",ENTERPRISE,Europe,17427,2024-10-27,2025-10-27,David Casey
198,Shepard PLC,Starter,APAC,2956,2025-02-16,2026-02-16,Andrew Davis
199,Oconnor PLC,Business,APAC,20732,2025-01-07,2026-01-07,Matthew Contreras
200,Turner Inc,Starter,North America,3440,2025-01-19,2026-01-19,Derrick Owen
201,"Gray, Cohen and Carlson",Business,Europe,22723,2024-11-30,2025-11-30,Mary Douglas
202,Suarez-Hoover,Starter,APAC,2011,2024-10-21,2025-10-21,Shaun Le
203,Johnston-Garcia,Growth,Europe,9969,2024-07-05,2025-07-05,Emily Collins
204,Shannon LLC,Business,APAC,23945,2024-12-23,2025-12-23,Michael Pacheco
205,Silva-Grant,Business,North America,26088,2024-09-07,2025-09-07,
206,Jordan-Mccullough,Enterprise,North America,63132,2024-04-21,2025-04-21,Theresa Greene
207,Shannon-Dunn,Growth,North America,7625,2025-04-01,2026-04-01,Mia Torres
208,Jones LLC,Growth,Europe,6114,2024-06-22,2025-06-22,Michelle Miller
209,Thomas-Taylor,Business,North America,18267,2025-01-18,2026-01-18,Paula Smith
210,Randall-Lee,Starter,Europe,3649,2024-08-31,2025-08-31,Paul Williams
211,Norman-Oconnor,Business,Europe,15412,2024-12-31,2025-12-31,Jacob Barnett
212,"Schneider, Wilson and Wood",Starter,North America,4808,2025-02-05,2026-02-05,Rachael Collins
213,"Meyer, Reese and Smith",Starter,APAC,4504,2024-10-17,2025-10-17,Rachel Davis
214,Castaneda and Sons,Starter,North America,3122,2024-12-27,2025-12-27,Javier Carter
215,"Walton, Jackson and Bennett",Starter,APAC,4143,2024-10-12,2025-10-12,Joshua Clark
216,"Garcia, Parrish and Burns",Growth,Europe,10132,2024-12-16,2025-12-16,Joel Brandt PhD
217,Hernandez LLC,Business,APAC,20644,2024-11-01,2025-11-01,Michael Allison
218,Wilson and Sons,Starter,Europe,4914,2024-05-25,2025-05-25,Roger Brady
219,Novak-Davila,ENTERPRISE,Europe,11392,2024-07-31,2025-07-31,Christina Rodgers
220,Boyle Group,Growth,Europe,6595,2025-03-24,2026-03-24,
221,Davenport Inc,Growth,APAC,10492,2024-11-06,2025-11-06,William Smith
222,Roach and Sons,Business,Europe,29512,2024-11-14,2025-11-14,Oscar Hunter
223,"Campbell, Carey and Robinson",Starter,Europe,2075,2024-04-12,2025-04-12,Jennifer Valencia
224,"Murphy, Goodwin and Brown",Business,North America,25011,2024-05-03,2025-05-03,Audrey Dominguez
225,"Mcneil, Robinson and Myers",Business,North America,19946,2025-01-19,2026-01-19,Connie Jackson
226,Friedman LLC,Business,Europe,23335,2024-08-17,2025-08-17,Monique Pollard
227,Kirk-Sanchez,Starter,Europe,2395,2024-08-18,2025-08-18,Katherine Snyder
228,Mcdonald-Murphy,Enterprise,Europe,51130,2025-03-25,2026-03-25,Pamela Dean
229,Holmes Ltd,Enterprise,Europe,41167,2025-02-20,2026-02-20,Sandra Marquez
230,"Pratt, Shields and Davis",Business,Europe,17156,2024-11-10,2025-11-10,Sean Ray
231,Elliott PLC,Growth,APAC,11305,2024-09-30,2025-09-30,Carolyn Osborne
232,Alvarado and Sons,Growth,North America,9294,2024-09-01,2025-09-01,Stephanie Jensen
233,"Tran, Lawrence and Huang",Starter,Europe,3238,2024-06-06,2025-06-06,Michael Matthews
234,"Scott, White and Harvey",Business,North America,23010,2024-12-15,2025-12-15,Cody Alvarado
235,"Hall, White and Simmons",Business,Europe,21731,2024-09-04,2025-09-04,Donna Morris
236,"Campbell, Diaz and Taylor",Growth,Europe,6953,2025-03-31,2026-03-31,Justin Holloway
237,Forbes-Cooper,Starter,North America,3542,2024-11-06,2025-11-06,Julie Jacobson
238,Burke and Sons,Starter,North America,3191,2025-02-25,2026-02-25,Jose Allen
239,Shea Group,Starter,APAC,4993,2024-07-27,2025-07-27,Daniel Kelly
240,Ortiz and Sons,Growth,Europe,7217,2025-01-12,2026-01-12,Olivia Johnson
241,"Phillips, Mays and Carson",Starter,APAC,3445,2024-07-17,2025-07-17,Kristina Phillips
242,"Rodriguez, Rios and Forbes",Enterprise,Europe,53807,2024-07-01,2025-07-01,Angela Weaver
243,"Gilbert, Jones and Scott",Starter,Europe,3365,2024-08-05,2025-08-05,Eric Ramirez
244,Griffith-Livingston,ENTERPRISE,Europe,22494,2024-10-19,2025-10-19,Mindy Powers
245,"Powell, Jones and Walker",Starter,North America,3155,2024-06-28,2025-06-28,Justin Franco
246,Green-Reid,Enterprise,APAC,59870,2024-09-14,2025-09-14,Mrs. Jeanne Murphy DDS
247,"Carter, White and Stout",Starter,North America,4923,2024-06-27,2025-06-27,Mrs. Chelsea Johnson
248,Stanley Group,Business,North America,19186,2025-03-29,2026-03-29,Richard Harper
249,"Andrade, Peters and Garrett",Growth,APAC,9602,2024-07-08,2025-07-08,Sandra Ward
250,Martinez-Khan,Growth,Europe,9522,2024-05-02,2025-05-02,Stephanie Dawson
251,"Evans, Black and Fields",Starter,North America,2753,2024-07-03,2025-07-03,Ryan Wiggins
252,Nunez-Nguyen,Growth,Europe,11779,2024-05-16,2025-05-16,Anne Terrell
253,Moore LLC,Business,APAC,24576,2024-05-01,2025-05-01,Jessica Jacobs
254,Archer and Sons,Starter,Europe,4434,2024-09-02,2025-09-02,Phyllis Ibarra
255,French-James,Enterprise,APAC,40504,2024-09-25,2025-09-25,Miguel Lewis DVM
256,"Barnes, Johns and Scott",Enterprise,Europe,68016,2024-09-09,2025-09-09,Jennifer Mccall
257,Murray-Calderon,Enterprise,North America,57312,2024-08-16,2025-08-16,Natasha Cantrell
258,"Williams, Pena and Hunt",Starter,North America,2133,2024-06-21,2025-06-21,Hannah James
259,Miller PLC,Enterprise,Europe,85740,2024-05-18,2025-05-18,Steven Adams
260,Dixon-Lucas,Starter,Europe,2814,2025-02-22,2026-02-22,Maria Turner
261,"Schaefer, Rivera and Sanchez",Enterprise,Europe,67509,2025-03-04,2026-03-04,Jennifer Molina
262,"Ramirez, Jackson and Moore",Business,Europe,26003,2025-01-02,2026-01-02,James Harmon
263,Graham-Joyce,Enterprise,APAC,65826,2024-05-30,2025-05-30,Crystal Steele
264,Morgan-Juarez,Enterprise,North America,84472,2024-11-16,2025-11-16,Zachary Hale
265,"Jones, Johnson and Peterson",enterprise ,Europe,16256,2024-10-24,2025-10-24,Shawn Brown
266,"Perez, Deleon and Decker",Growth,APAC,11262,2024-06-21,2025-06-21,Kevin Gomez
267,Fitzgerald Inc,Starter,North America,3396,2024-12-25,2025-12-25,Jeffrey Massey
268,Johnson-Wells,Growth,APAC,9330,2024-10-29,2025-10-29,Noah Austin MD
269,"Johns, Lawrence and Hernandez",Starter,North America,3035,2024-11-03,2025-11-03,Alan Ortiz
270,Wall Group,Enterprise,North America,51023,2025-01-15,2026-01-15,Jacob Castaneda
271,Martinez-Ortiz,Enterprise,Europe,63959,2025-02-02,2026-02-02,Katelyn Hall
272,Davis-Weaver,Enterprise,North America,49337,2024-11-14,2025-11-14,Michael Roberts MD
273,Gordon-Barber,Enterprise,North America,59129,2024-08-19,2025-08-19,Matthew Hancock
274,Sanchez-Vaughn,Enterprise,Europe,67355,2024-08-02,2025-08-02,Anthony Fitzgerald
275,"Mccarthy, Mahoney and Malone",Starter,APAC,2739,2024-10-02,2025-10-02,Lisa Alexander
276,"Cooke, Martin and Wang",Growth,Europe,11320,2025-01-03,2026-01-03,Luis Taylor
277,Fitzgerald PLC,enterprise ,Europe,4508,2024-09-26,2025-09-26,Thomas Kim
278,Mendoza-Peterson,Starter,APAC,3581,2024-06-26,2025-06-26,Jill Williams
279,Mitchell Group,Starter,North America,2389,2025-03-01,2026-03-01,Kathryn Meyers
280,"Simpson, Johnson and Gould",Business,Europe,15255,2024-09-05,2025-09-05,Justin Thomas
281,"Harris, Morales and Lin",Business,North America,25136,2024-12-17,2025-12-17,Henry Martin
282,Grant and Sons,Growth,North America,8871,2024-12-13,2025-12-13,Brian Brown
283,"Bishop, Roberts and Hunt",Growth,Europe,10972,2024-04-28,2025-04-28,Natasha Wilson
284,Martinez-Rodriguez,Business,Europe,16015,2024-09-04,2025-09-04,Cassandra Mcgrath
285,Harris Group,Growth,North America,9136,2024-08-06,2025-08-06,Chad Jones
286,Reed-Wood,Enterprise,Europe,86318,2024-09-06,2025-09-06,Samuel Todd
287,"Lindsey, Ruiz and Clark",Business,North America,28140,2024-06-26,2025-06-26,Ashley Hernandez
288,Michael and Sons,Business,North America,28528,2024-11-08,2025-11-08,Sherry Rice
289,"Bishop, Carroll and Vega",Business,Europe,21938,2025-02-21,2026-02-21,Kristine Alvarado
290,Holland and Sons,Starter,Europe,3633,2024-08-25,2025-08-25,Sandra Kelley
291,"Robinson, Marks and Harrison",Business,Europe,23702,2024-12-25,2025-12-25,Martin Adams
292,"Reyes, White and Knox",Starter,North America,4870,2025-01-30,2026-01-30,Denise West
293,Yu-Armstrong,Enterprise,Europe,58384,2024-08-13,2025-08-13,Tammy Gonzalez
294,"David, Proctor and Hickman",enterprise ,North America,24860,2024-07-28,2025-07-28,Lisa Shelton
295,Walters-Rivera,Business,APAC,16460,2024-12-06,2025-12-06,Patricia Hendrix
296,Herrera-Dixon,Starter,North America,4724,2024-12-03,2025-12-03,Elijah Nelson
297,Crawford-Grant,Growth,Europe,10178,2024-09-28,2025-09-28,Katie Thomas
298,Rivas-Mayer,Starter,North America,4504,2025-01-14,2026-01-14,Jacob Jones
299,"Mathews, Brown and Douglas",Starter,Europe,2050,2024-05-21,2025-05-21,Julie Reyes
300,Rodriguez PLC,Starter,Europe,3469,2024-09-24,2025-09-24,Stacie Carter
301,"Cole, Townsend and Miller",Starter,North America,2487,2024-11-26,2025-11-26,Maurice Carroll
302,"Hill, Hernandez and Ford",Enterprise,APAC,87198,2024-10-07,2025-10-07,Emily Villanueva
303,Lopez-Conner,Growth,North America,6249,2024-08-07,2025-08-07,Breanna Solis
304,Ford and Sons,Growth,APAC,8165,2025-01-27,2026-01-27,Scott Perez
305,"Pratt, Lopez and Wagner",Business,Europe,19363,2024-08-12,2025-08-12,
306,"Ward, Ruiz and Jones",Growth,Europe,6235,2024-05-05,2025-05-05,Matthew Marks
307,Copeland-Beck,Growth,Europe,10858,2024-04-14,2025-04-14,Amanda Sherman
308,Brooks Group,enterprise ,APAC,2623,2024-12-05,2025-12-05,Mark Sanchez
309,Smith Inc,Business,Europe,26470,2025-02-24,2026-02-24,James Lopez
310,Martin-Taylor,Starter,APAC,2577,2025-03-04,2026-03-04,Mr. Robert Estes
311,Adams Ltd,Business,North America,25342,2024-07-31,2025-07-31,Timothy Frank
312,Davis-Lopez,Enterprise,North America,53051,2024-05-29,2025-05-29,Alexander Valdez
313,Mejia-Thomas,Growth,North America,7329,2024-08-17,2025-08-17,Natalie Taylor
314,Vega-Burke,Growth,APAC,7358,2024-06-24,2025-06-24,Nancy Schwartz
315,Cline Ltd,Business,North America,27734,2025-02-02,2026-02-02,
316,"Reyes, Gonzales and Howard",ENTERPRISE,North America,68920,2024-05-10,2025-05-10,Sabrina Parker
317,"James, Guerra and Orozco",Starter,North America,3358,2024-05-11,2025-05-11,Kenneth Koch
318,White PLC,Business,APAC,18177,2024-06-01,2025-06-01,Robert Brown II
319,Stephens PLC,Starter,Europe,4180,2024-05-05,2025-05-05,Anthony Mason
320,Green-Gonzalez,Enterprise,Europe,89289,2025-02-03,2026-02-03,Kevin Jackson
321,Evans and Sons,Growth,Europe,8832,2025-02-20,2026-02-20,Mario Barrett
322,Baker-Walker,Growth,Europe,11569,2024-04-15,2025-04-15,David Perez
323,Miller PLC,Growth,APAC,9818,2024-07-03,2025-07-03,Jesse Barry
324,Randolph-Floyd,Enterprise,APAC,85002,2024-05-13,2025-05-13,Justin Todd
325,Brady PLC,Business,APAC,15760,2024-12-30,2025-12-30,Russell Holloway
326,Smith-Henderson,Business,APAC,21238,2025-02-15,2026-02-15,Jose Dixon
327,Terry Group,Growth,Europe,6899,2024-07-06,2025-07-06,Paul Fleming
328,Spencer Inc,Business,APAC,16887,2024-05-26,2025-05-26,Carlos Kline
329,Tran PLC,Business,North America,19188,2025-01-28,2026-01-28,Felicia James
330,"Daniel, Andrews and Myers",Starter,APAC,4681,2025-02-10,2026-02-10,Adam Patterson
331,Mcguire LLC,ENTERPRISE,Europe,22956,2024-10-12,2025-10-12,Ashley Hunt
332,"Bailey, Powell and Snyder",Growth,North America,10699,2024-10-09,2025-10-09,Nicole Woodard MD
333,"Kramer, Alvarado and Smith",Starter,Europe,4581,2024-06-25,2025-06-25,Tammy Douglas
334,Rodriguez Group,Growth,North America,6523,2024-06-17,2025-06-17,Katie Clark
335,Green LLC,Growth,Europe,8593,2025-01-11,2026-01-11,Ryan Martin
336,Yang Group,Growth,Europe,7753,2024-07-11,2025-07-11,Valerie Wright
337,"Simmons, Edwards and Mcintosh",Business,North America,22240,2024-08-05,2025-08-05,Danielle Carlson
338,Stevens-Jackson,Starter,Europe,4094,2024-04-09,2025-04-09,Frank Taylor
339,Smith and Sons,Growth,North America,8286,2024-12-23,2025-12-23,Hailey Myers
340,Ortega-Johnson,Business,Europe,17878,2024-08-08,2025-08-08,Michael Hurst
341,"Jacobs, Wolfe and Meyer",Starter,Europe,3049,2025-01-07,2026-01-07,Kim Garcia
342,"Yates, Conner and Boyd",Enterprise,Europe,54178,2024-04-27,2025-04-27,Debra Sawyer
343,Stevens Ltd,Enterprise,APAC,40302,2025-02-28,2026-02-28,Danielle Norris
344,"Thomas, Harris and Higgins",Enterprise,North America,85781,2025-04-01,2026-04-01,Mr. Jake Galvan
345,Clark-Mccoy,Growth,APAC,10123,2025-02-07,2026-02-07,Robin Campbell
346,"Miller, Wilson and Dawson",Growth,North America,9287,2025-01-12,2026-01-12,Tara Myers
347,Jones-Smith,Starter,North America,4713,2024-05-31,2025-05-31,Colin Simmons
348,Garcia Ltd,Business,APAC,28623,2024-09-20,2025-09-20,Lisa Wilkinson
349,Graves and Sons,Business,APAC,20122,2024-09-19,2025-09-19,Christine Wilson
350,"Long, Webb and Weeks",Business,APAC,17797,2024-06-30,2025-06-30,Kathryn Cunningham
351,"Jones, Black and Taylor",Business,Europe,16531,2024-04-29,2025-04-29,Vanessa Manning
352,Carlson-Stuart,Growth,APAC,7906,2025-03-11,2026-03-11,Megan Shields
353,"Savage, Huffman and Johnson",Enterprise,APAC,48152,2024-11-14,2025-11-14,William Fleming
354,Flores Ltd,Starter,North America,4075,2024-08-30,2025-08-30,Shelia Butler
355,Harrison-Reyes,Business,Europe,16976,2024-10-25,2025-10-25,Tiffany Davis MD
356,Thompson-Jackson,Business,North America,21229,2025-03-13,2026-03-13,Larry Richard
357,Wallace Inc,Growth,Europe,10632,2024-04-29,2025-04-29,Tonya Alexander
358,Yang LLC,Starter,North America,4072,2025-02-11,2026-02-11,Jonathan Daniels
359,"Turner, Rodriguez and Jones",Business,Europe,15232,2024-08-31,2025-08-31,Joseph Hernandez
360,Krueger LLC,Growth,APAC,8158,2024-05-04,2025-05-04,Victoria Williamson
361,"Franklin, Brooks and Russell",Growth,Europe,10718,2024-09-29,2025-09-29,Thomas Rose
362,"Lee, Cruz and Hood",Enterprise,North America,46738,2024-07-28,2025-07-28,Phillip Montgomery
363,"Morris, Lucas and Blake",Starter,North America,4660,2024-05-05,2025-05-05,Taylor Avila
364,"Gonzalez, Carter and Smith",Enterprise,North America,88447,2024-12-22,2025-12-22,Linda Medina
365,"Davenport, Black and Miranda",Business,APAC,25167,2025-02-01,2026-02-01,Pamela Lyons
366,Hall Ltd,Starter,Europe,3989,2024-04-24,2025-04-24,Dr. Clarence Cox
367,Delgado Inc,Starter,Europe,3312,2024-08-12,2025-08-12,Paula Perez
368,"Ayala, Williams and Ward",Growth,North America,8324,2025-03-16,2026-03-16,Ashlee Myers
369,Miranda PLC,Growth,North America,11622,2025-01-25,2026-01-25,Richard Brown
370,"Marshall, Smith and Becker",Business,North America,18517,2025-01-26,2026-01-26,John Bell
371,Morales-Lawrence,Growth,APAC,11726,2024-06-19,2025-06-19,Kyle Roberson
372,Anderson-Salazar,Starter,APAC,2758,2025-03-13,2026-03-13,Curtis Orr
373,Huerta-Montes,Business,Europe,17590,2025-03-07,2026-03-07,
374,White-Johnson,Enterprise,APAC,49111,2024-09-24,2025-09-24,Nicole Moody
375,Valdez-Norman,Growth,APAC,6467,2024-04-18,2025-04-18,Julie Marshall
376,Mendez-Trujillo,Enterprise,North America,62350,2025-04-01,2026-04-01,Rachel Poole
377,Smith LLC,Growth,North America,8928,2024-07-09,2025-07-09,David Smith
378,"Phillips, Davis and Orr",Enterprise,APAC,87077,2024-10-16,2025-10-16,Jeffrey Blackwell
379,Church-Mcmillan,Growth,North America,11560,2024-08-17,2025-08-17,Jamie Vasquez
380,Clark PLC,Business,North America,25954,2024-12-07,2025-12-07,Linda White
381,"Cook, Smith and Fields",Business,Europe,21316,2024-10-29,2025-10-29,Brandy Blair
382,Ewing-Cooper,Growth,North America,11529,2025-03-17,2026-03-17,Adam Martinez
383,Williams-Fischer,Enterprise,Europe,66386,2024-12-19,2025-12-19,Lori Harmon
384,Davis and Sons,Enterprise,APAC,76976,2024-09-15,2025-09-15,Barry Casey
385,Stuart-Sanchez,enterprise ,North America,4137,2025-02-16,2026-02-16,Cody Burns
386,Whitehead LLC,Enterprise,Europe,82533,2024-11-28,2025-11-28,Kevin Farrell
387,Watson Group,Growth,APAC,10234,2024-11-04,2025-11-04,Steve Kelly
388,Ali and Sons,Enterprise,APAC,79756,2025-02-14,2026-02-14,Marc Ramirez
389,Tate PLC,Business,North America,18744,2024-05-07,2025-05-07,Jennifer Myers
390,Maldonado-Henry,Growth,North America,8039,2024-12-26,2025-12-26,Abigail Ward
391,Pitts-Jones,Starter,North America,3942,2024-07-13,2025-07-13,James Jenkins
392,Bryant Group,Enterprise,Europe,79809,2024-05-26,2025-05-26,Emily Ray
393,"Campbell, Martinez and Stone",Enterprise,Europe,74387,2024-07-13,2025-07-13,Robert Hodge
394,"Drake, Morrison and Ochoa",Business,Europe,28924,2024-09-28,2025-09-28,Linda Mendoza
395,Mcguire-Mitchell,Starter,APAC,4824,2025-01-04,2026-01-04,Paula Sandoval
396,Henry-Davis,Business,North America,29231,2024-07-20,2025-07-20,Barbara Perkins
397,Hahn Group,Business,North America,18490,2024-05-06,2025-05-06,
398,"York, Torres and Torres",Business,Europe,22984,2024-12-18,2025-12-18,Angela Moon
399,Hayes LLC,Growth,North America,10027,2024-04-18,2025-04-18,Brandy Lopez
400,Powell and Sons,Growth,APAC,7908,2024-05-08,2025-05-08,Tonya Hodge
401,"Davis, Duncan and Walton",Starter,APAC,4635,2025-01-13,2026-01-13,Richard Woods
402,Sanford-Butler,Business,North America,17560,2024-04-27,2025-04-27,William Mitchell DDS
403,"Vasquez, Stephenson and Diaz",Enterprise,Europe,45951,2024-05-04,2025-05-04,Brett Benton
404,Navarro Ltd,Enterprise,Europe,81832,2024-06-09,2025-06-09,Thomas Hughes
405,"Cameron, Holt and Rogers",Growth,North America,11947,2024-07-01,2025-07-01,Lisa Kennedy
406,Daniels and Sons,Business,Europe,19820,2025-03-30,2026-03-30,Heather Scott
407,Gonzalez-Morris,Starter,APAC,4898,2024-05-21,2025-05-21,Kevin Thompson
408,Massey-Murray,Growth,Europe,8621,2024-06-30,2025-06-30,Bailey Hall
409,Bradley-Williams,Starter,Europe,3065,2024-08-25,2025-08-25,Tiffany Berry
410,"Woods, Richmond and Pierce",Growth,APAC,8343,2024-11-06,2025-11-06,William Maxwell
411,"Perez, Black and Weber",Enterprise,APAC,68173,2025-03-10,2026-03-10,Adam Walker PhD
412,"Dennis, Campbell and Webster",Starter,Europe,4469,2024-04-15,2025-04-15,Jeffrey Peters
413,Thomas Group,Business,APAC,19670,2024-07-16,2025-07-16,Marvin Hunter
414,Barnett and Sons,Starter,Europe,4712,2024-05-28,2025-05-28,Kiara Mitchell
415,"Wallace, Martinez and Gray",Starter,North America,2502,2024-07-04,2025-07-04,Joshua Campbell
416,Young-Powell,Growth,APAC,10916,2024-11-03,2025-11-03,Kara Lopez
417,"West, Wood and Ferguson",Business,North America,16970,2024-12-03,2025-12-03,Donna Page
418,Walters Ltd,Growth,APAC,8626,2025-03-05,2026-03-05,Joshua Smith
419,"Smith, Smith and Jones",Business,North America,23135,2024-07-02,2025-07-02,Margaret Rangel
420,"Baker, Sullivan and Heath",Enterprise,APAC,55374,2024-12-26,2025-12-26,Miss Shawna Leonard
421,Joyce Group,Starter,North America,3312,2024-12-23,2025-12-23,
422,"Stevens, Pope and Curtis",Business,Europe,15922,2025-03-16,2026-03-16,Lori Hopkins
423,"Best, Kemp and King",Growth,Europe,7120,2024-09-09,2025-09-09,Miranda Parker
424,"Hogan, Herrera and Boone",Starter,Europe,2950,2025-04-02,2026-04-02,Sarah Trujillo
425,Schultz-Green,enterprise ,North America,8243,2024-12-24,2025-12-24,Brian Ramsey
426,Fisher-Graham,Growth,APAC,10612,2025-03-12,2026-03-12,Allison Harris
427,"Lindsey, Webb and Richardson",Growth,North America,8912,2025-03-21,2026-03-21,Colleen Caldwell
428,"Kaiser, Barnes and Rocha",Growth,Europe,10910,2024-11-30,2025-11-30,William Jones
429,Brown-Singleton,Enterprise,APAC,80631,2024-05-22,2025-05-22,Crystal Kent
430,Turner-Thompson,Starter,Europe,4094,2024-08-14,2025-08-14,Heather Simpson
431,Green Group,Growth,APAC,6094,2024-09-14,2025-09-14,Dr. Taylor Rodriguez
432,"Duncan, Glenn and Rangel",Business,North America,25147,2024-11-21,2025-11-21,Kaylee Smith
433,Fry Ltd,Business,APAC,17116,2024-07-15,2025-07-15,Madison Martin
434,"Bullock, Johnson and Cross",Growth,North America,11961,2024-12-15,2025-12-15,Kathleen Golden
435,"Mercado, Gonzalez and Johnson",Growth,APAC,10807,2024-09-20,2025-09-20,Nathan Aguirre
436,Rodgers-Keller,Business,North America,15345,2025-03-03,2026-03-03,Kristine Strickland
437,Morris-Green,Business,North America,17443,2024-12-26,2025-12-26,Ruben Berry
438,Walton-Winters,enterprise ,Europe,2984,2025-03-23,2026-03-23,Samantha Clark
439,"Kelley, Martinez and Bishop",Business,APAC,24831,2025-01-19,2026-01-19,James Jones
440,Cook-Green,Enterprise,Europe,79915,2025-03-15,2026-03-15,Nathan Hamilton
441,Page Group,Enterprise,APAC,78727,2025-03-26,2026-03-26,Christopher Patrick
442,Russo and Sons,Growth,APAC,9056,2025-01-09,2026-01-09,Jeffrey Baker
443,Lopez-Martin,Growth,APAC,11109,2024-07-12,2025-07-12,Joe Adams
444,Bray-Hill,Starter,APAC,4826,2024-04-25,2025-04-25,Lucas Smith
445,"Mckee, Pitts and Hansen",Starter,Europe,4861,2024-10-10,2025-10-10,Ralph Mcdonald
446,Hooper-Richards,Starter,North America,3645,2024-11-10,2025-11-10,Heather Norton
447,Singleton Group,Business,Europe,17872,2024-10-01,2025-10-01,Rachel Pena
448,"Harris, Moore and Black",Business,APAC,19021,2024-04-21,2025-04-21,Mike Richard
449,"Smith, Guerrero and King",Business,APAC,20031,2025-02-22,2026-02-22,Danielle Moore
450,Bryant Group,Starter,Europe,3332,2024-12-06,2025-12-06,Tamara Cole
451,Atkins-Rose,Growth,Europe,9507,2024-09-14,2025-09-14,Taylor Bass
452,"Jimenez, Turner and Warren",Starter,APAC,2936,2024-11-07,2025-11-07,Lisa Mendoza
453,"Thomas, Aguilar and Cooley",Business,Europe,29579,2024-04-25,2025-04-25,James Dean
454,Moses-Anthony,Growth,North America,8122,2024-12-30,2025-12-30,Ronald Lopez
455,Velazquez Inc,Growth,APAC,9281,2025-03-07,2026-03-07,David Holland
456,Mora PLC,Growth,APAC,9600,2024-07-15,2025-07-15,Connie Mcintosh
457,Taylor and Sons,Business,APAC,19971,2024-09-25,2025-09-25,Kaitlyn Preston
458,Mendoza Inc,Business,Europe,16205,2025-02-07,2026-02-07,
459,"Sweeney, Wells and Lopez",Business,North America,20299,2025-01-15,2026-01-15,Eddie Turner
460,Taylor Inc,Starter,Europe,3879,2024-04-13,2025-04-13,Steven Ruiz
461,"Dodson, Jackson and Moore",Starter,APAC,2284,2024-04-14,2025-04-14,Darren Blake
462,Carlson-Cooper,Business,North America,19757,2024-12-22,2025-12-22,Anna Estrada
463,Wood-Morton,Enterprise,Europe,56241,2024-11-02,2025-11-02,Nicole Hill
464,"Andersen, Miller and Monroe",Starter,Europe,2966,2024-08-27,2025-08-27,Tammy Johnson
465,Wilson-Mitchell,Enterprise,Europe,59816,2024-04-06,2025-04-06,Matthew Wright
466,"Cole, Kirk and Leach",Enterprise,APAC,64917,2024-06-12,2025-06-12,Jeffrey Hickman
467,Moore Group,Starter,Europe,3383,2025-02-27,2026-02-27,Andrea Ellis
468,Jones-Sherman,Business,Europe,24984,2024-06-09,2025-06-09,Valerie Wade
469,Ross PLC,Growth,APAC,8262,2024-12-15,2025-12-15,Crystal Howard
470,Pierce Ltd,Business,APAC,15951,2024-12-13,2025-12-13,Christopher Woodard
471,Franklin-Young,Growth,North America,8079,2024-11-08,2025-11-08,Brenda Moses
472,"Herrera, Allen and Wilson",Starter,Europe,2428,2024-08-03,2025-08-03,Mr. Christian Gardner
473,"Choi, Johnson and Henry",enterprise ,APAC,9495,2025-02-09,2026-02-09,Erin Barber MD
474,Allen Ltd,Growth,North America,6768,2024-09-06,2025-09-06,Matthew Lin
475,Wells PLC,Business,North America,26249,2025-02-01,2026-02-01,Adrian Roach
476,Mccall-Miller,Growth,Europe,11083,2024-09-10,2025-09-10,Henry Ellison
477,"Harris, Smith and Cooper",Growth,North America,9293,2025-03-24,2026-03-24,Joanna Craig
478,Patterson-Espinoza,Business,Europe,19926,2025-01-23,2026-01-23,Amanda Cunningham
479,"Brown, Ortiz and Dickerson",ENTERPRISE,APAC,52342,2024-07-06,2025-07-06,David Pearson
480,Becker PLC,Business,North America,28087,2025-02-09,2026-02-09,Robert Robinson
481,Conrad-Guzman,Growth,North America,7901,2024-05-23,2025-05-23,Dawn Martinez
482,Morrow-Anderson,Enterprise,APAC,87190,2024-08-14,2025-08-14,Henry Hunt
483,"Mcdonald, Miles and Wilson",ENTERPRISE,North America,66399,2024-12-19,2025-12-19,Brad Woods
484,Armstrong-Sharp,Business,Europe,26271,2024-09-03,2025-09-03,Lawrence Cook
485,Powers-Davis,Starter,APAC,4806,2024-11-06,2025-11-06,Christopher Jackson
486,Morrison LLC,Enterprise,APAC,70678,2024-08-15,2025-08-15,
487,"Arnold, Mcconnell and Jones",Business,North America,23519,2024-05-17,2025-05-17,Annette Johnston
488,Walton-Taylor,Starter,APAC,4626,2024-09-30,2025-09-30,Brandy Neal
489,Perry-Lewis,Starter,North America,3287,2024-10-28,2025-10-28,Matthew Fisher
490,Martinez-Moon,Business,North America,17143,2024-04-07,2025-04-07,Ashley Camacho
491,Palmer-Campbell,Enterprise,APAC,87917,2024-12-18,2025-12-18,Brittany Cohen
492,Adams-Perkins,Enterprise,North America,81124,2024-04-11,2025-04-11,Richard Huff
493,Whitaker-Jefferson,Starter,APAC,2909,2024-04-19,2025-04-19,Kevin Davis
494,Franklin Group,Business,North America,15943,2025-01-22,2026-01-22,Ashley Mitchell
495,Wells-Scott,Business,APAC,19425,2025-02-23,2026-02-23,Nicole Harrison
496,Clark Inc,Starter,Europe,4198,2024-06-04,2025-06-04,Kenneth Morris
497,"Jones, Short and Murillo",Business,Europe,18695,2025-02-27,2026-02-27,Colleen Mclaughlin
498,Bowers LLC,Business,Europe,28859,2024-12-30,2025-12-30,Brian Brown
499,"Zhang, Gregory and Merritt",Enterprise,Europe,48705,2025-01-16,2026-01-16,Kevin Goodman
500,Hughes and Sons,Business,APAC,21852,2024-07-18,2025-07-18,Mrs. Holly White
340,Ortega-Johnson,Business,Europe,17878,2024-08-08,2025-08-08,Michael Hurst
207,Shannon-Dunn,Growth,North America,7625,2025-04-01,2026-04-01,Mia Torres
346,"Miller, Wilson and Dawson",Growth,North America,9287,2025-01-12,2026-01-12,Tara Myers
215,"Walton, Jackson and Bennett",Starter,APAC,4143,2024-10-12,2025-10-12,Joshua Clark
141,Thompson Group,Enterprise,APAC,85681,2024-05-28,2025-05-28,Edward Wilkinson
